User ID,Device Model,Operating System,App Usage Time (min/day),Screen On Time (hours/day),Battery Drain (mAh/day),Number of Apps Installed,Data Usage (MB/day),User Behavior Class,Age Group,Age Group Float
661,Google_Pixel_5,Android,50,1.5,387,12,146,1,50+,50.0
34,Google_Pixel_5,Android,46,2.0,457,14,105,1,50+,50.0
168,Google_Pixel_5,Android,35,1.5,467,10,158,1,50+,50.0
250,Google_Pixel_5,Android,75,1.9,537,13,230,1,50+,50.0
241,Google_Pixel_5,Android,45,1.7,302,16,191,1,50+,50.0
322,Google_Pixel_5,Android,274,6.0,1489,56,666,3,50+,50.0
496,Google_Pixel_5,Android,493,10.9,2928,88,2116,5,50+,50.0
153,Google_Pixel_5,Android,120,2.0,741,38,396,2,50+,50.0
622,Google_Pixel_5,Android,64,1.8,351,15,274,1,50+,50.0
655,Google_Pixel_5,Android,594,10.5,2839,91,1647,5,50+,50.0
107,Google_Pixel_5,Android,152,2.7,642,38,596,2,50+,50.0
169,Google_Pixel_5,Android,225,5.4,1370,44,791,3,50+,50.0
559,Google_Pixel_5,Android,361,7.6,2037,65,1056,4,50+,50.0
664,Google_Pixel_5,Android,469,6.4,1858,78,1297,4,50+,50.0
278,Google_Pixel_5,Android,230,4.4,1607,52,878,3,50+,50.0
284,Google_Pixel_5,Android,49,1.3,542,16,169,1,50+,50.0
657,Google_Pixel_5,Android,262,5.6,1489,59,628,3,50+,50.0
55,Google_Pixel_5,Android,516,8.7,2857,83,2189,5,50+,50.0
101,Google_Pixel_5,Android,41,1.1,389,15,136,1,50+,50.0
140,Google_Pixel_5,Android,516,11.1,2429,91,1796,5,50+,50.0
402,Google_Pixel_5,Android,97,2.7,612,36,508,2,50+,50.0
499,Google_Pixel_5,Android,274,4.5,1356,54,869,3,50+,50.0
504,Google_Pixel_5,Android,200,5.8,1291,50,965,3,50+,50.0
616,Google_Pixel_5,Android,119,3.7,608,36,461,2,50+,50.0
674,Google_Pixel_5,Android,37,1.6,490,18,216,1,50+,50.0
689,Google_Pixel_5,Android,261,4.9,1589,56,824,3,50+,50.0
142,Google_Pixel_5,Android,448,6.3,2044,71,1337,4,50+,50.0
150,Google_Pixel_5,Android,149,3.7,873,34,459,2,50+,50.0
320,Google_Pixel_5,Android,508,11.3,2590,81,2481,5,50+,50.0
410,Google_Pixel_5,Android,405,6.9,2366,61,1434,4,50+,50.0
433,Google_Pixel_5,Android,534,10.4,2672,90,1702,5,50+,50.0
128,Google_Pixel_5,Android,252,4.2,1439,45,667,3,50+,50.0
176,Google_Pixel_5,Android,279,5.2,1660,47,629,3,50+,50.0
290,Google_Pixel_5,Android,84,1.2,415,10,146,1,50+,50.0
698,Google_Pixel_5,Android,99,3.1,942,22,457,2,50+,50.0
49,Google_Pixel_5,Android,580,8.2,2623,90,2262,5,40-49,40.0
123,Google_Pixel_5,Android,584,10.0,2541,99,2391,5,40-49,40.0
477,Google_Pixel_5,Android,318,6.6,2089,77,1126,4,40-49,40.0
569,Google_Pixel_5,Android,291,5.3,1537,43,700,3,40-49,40.0
651,Google_Pixel_5,Android,149,2.0,1041,39,356,2,40-49,40.0
170,Google_Pixel_5,Android,587,11.8,2431,90,1894,5,40-49,40.0
491,Google_Pixel_5,Android,416,6.1,2279,71,1096,4,40-49,40.0
505,Google_Pixel_5,Android,493,8.5,2859,99,2450,5,40-49,40.0
614,Google_Pixel_5,Android,49,1.1,395,16,153,1,40-49,40.0
163,Google_Pixel_5,Android,442,7.7,2067,69,1440,4,40-49,40.0
196,Google_Pixel_5,Android,202,4.7,1512,49,659,3,40-49,40.0
395,Google_Pixel_5,Android,589,9.2,2663,84,1774,5,40-49,40.0
549,Google_Pixel_5,Android,383,6.6,2155,74,1360,4,40-49,40.0
86,Google_Pixel_5,Android,404,7.4,2081,63,1352,4,40-49,40.0
359,Google_Pixel_5,Android,74,2.0,366,13,253,1,40-49,40.0
285,Google_Pixel_5,Android,411,6.9,1820,70,1024,4,40-49,40.0
406,Google_Pixel_5,Android,478,7.3,2340,69,1017,4,40-49,40.0
454,Google_Pixel_5,Android,88,1.3,557,13,164,1,40-49,40.0
584,Google_Pixel_5,Android,71,1.9,571,10,117,1,40-49,40.0
186,Google_Pixel_5,Android,498,10.7,2738,94,1995,5,40-49,40.0
530,Google_Pixel_5,Android,228,4.8,1639,47,796,3,40-49,40.0
120,Google_Pixel_5,Android,97,2.7,1018,37,428,2,40-49,40.0
468,Google_Pixel_5,Android,238,4.0,1414,47,661,3,40-49,40.0
1,Google_Pixel_5,Android,393,6.4,1872,67,1122,4,40-49,40.0
91,Google_Pixel_5,Android,116,2.1,912,39,307,2,40-49,40.0
131,Google_Pixel_5,Android,540,10.8,2923,90,1886,5,40-49,40.0
133,Google_Pixel_5,Android,176,3.6,1193,30,458,2,40-49,40.0
210,Google_Pixel_5,Android,278,4.6,1385,47,823,3,40-49,40.0
16,Google_Pixel_5,Android,503,10.4,2571,84,2025,5,30-39,30.0
656,Google_Pixel_5,Android,104,3.7,1028,29,493,2,30-39,30.0
274,Google_Pixel_5,Android,179,2.3,1014,32,588,2,30-39,30.0
511,Google_Pixel_5,Android,241,5.3,1767,58,976,3,30-39,30.0
539,Google_Pixel_5,Android,576,9.5,2638,98,2281,5,30-39,30.0
24,Google_Pixel_5,Android,292,5.6,1401,46,949,3,30-39,30.0
207,Google_Pixel_5,Android,78,1.7,455,15,207,1,30-39,30.0
293,Google_Pixel_5,Android,59,1.8,497,10,208,1,30-39,30.0
441,Google_Pixel_5,Android,260,5.7,1725,56,920,3,30-39,30.0
592,Google_Pixel_5,Android,580,11.5,2767,84,2341,5,30-39,30.0
618,Google_Pixel_5,Android,225,5.6,1388,55,965,3,30-39,30.0
679,Google_Pixel_5,Android,298,4.6,1525,59,814,3,30-39,30.0
124,Google_Pixel_5,Android,529,8.1,2686,96,1924,5,30-39,30.0
352,Google_Pixel_5,Android,60,1.5,593,14,281,1,30-39,30.0
567,Google_Pixel_5,Android,116,3.9,1132,26,498,2,30-39,30.0
639,Google_Pixel_5,Android,417,6.2,2074,63,1135,4,30-39,30.0
640,Google_Pixel_5,Android,538,9.8,2778,91,2080,5,30-39,30.0
11,Google_Pixel_5,Android,53,1.4,435,17,162,1,30-39,30.0
80,Google_Pixel_5,Android,230,5.7,1254,52,989,3,30-39,30.0
334,Google_Pixel_5,Android,461,7.5,2001,69,1324,4,30-39,30.0
577,Google_Pixel_5,Android,554,10.3,2776,83,1606,5,30-39,30.0
28,Google_Pixel_5,Android,512,10.5,2409,89,1599,5,30-39,30.0
85,Google_Pixel_5,Android,223,4.5,1311,56,695,3,30-39,30.0
247,Google_Pixel_5,Android,71,1.5,590,17,257,1,30-39,30.0
415,Google_Pixel_5,Android,116,2.0,1171,22,573,2,30-39,30.0
443,Google_Pixel_5,Android,66,1.1,505,17,218,1,30-39,30.0
563,Google_Pixel_5,Android,71,1.4,508,15,265,1,30-39,30.0
92,Google_Pixel_5,Android,291,4.1,1474,46,827,3,30-39,30.0
103,Google_Pixel_5,Android,174,2.5,929,37,565,2,30-39,30.0
501,Google_Pixel_5,Android,66,1.3,369,14,195,1,30-39,30.0
6,Google_Pixel_5,Android,99,2.0,940,35,564,2,30-39,30.0
273,Google_Pixel_5,Android,105,2.2,1002,29,453,2,30-39,30.0
378,Google_Pixel_5,Android,458,6.0,1875,63,1072,4,30-39,30.0
78,Google_Pixel_5,Android,173,2.5,678,29,301,2,30-39,30.0
167,Google_Pixel_5,Android,595,11.3,2968,88,2366,5,30-39,30.0
292,Google_Pixel_5,Android,55,1.6,360,19,149,1,30-39,30.0
691,Google_Pixel_5,Android,195,5.7,1447,48,679,3,30-39,30.0
70,Google_Pixel_5,Android,82,1.7,558,16,284,1,20-29,20.0
527,Google_Pixel_5,Android,99,2.4,689,36,318,2,20-29,20.0
318,Google_Pixel_5,Android,116,2.2,827,29,434,2,20-29,20.0
543,Google_Pixel_5,Android,242,5.4,1307,48,642,3,20-29,20.0
545,Google_Pixel_5,Android,544,9.7,2633,97,1727,5,20-29,20.0
113,Google_Pixel_5,Android,295,5.1,1483,45,748,3,20-29,20.0
204,Google_Pixel_5,Android,69,1.6,463,16,146,1,20-29,20.0
643,Google_Pixel_5,Android,502,8.2,2597,90,1553,5,20-29,20.0
19,Google_Pixel_5,Android,81,1.4,558,16,297,1,20-29,20.0
349,Google_Pixel_5,Android,156,3.8,866,34,510,2,20-29,20.0
99,Google_Pixel_5,Android,59,1.2,361,18,293,1,20-29,20.0
374,Google_Pixel_5,Android,560,11.3,2947,95,1663,5,20-29,20.0
522,Google_Pixel_5,Android,69,1.1,535,17,250,1,20-29,20.0
572,Google_Pixel_5,Android,444,6.1,2229,73,1194,4,20-29,20.0
631,Google_Pixel_5,Android,94,3.1,1078,38,489,2,20-29,20.0
681,Google_Pixel_5,Android,307,6.1,2105,76,1111,4,20-29,20.0
685,Google_Pixel_5,Android,218,4.0,1221,47,822,3,20-29,20.0
182,Google_Pixel_5,Android,474,6.4,2109,68,1079,4,20-29,20.0
192,Google_Pixel_5,Android,79,1.9,477,13,161,1,20-29,20.0
529,Google_Pixel_5,Android,175,3.0,801,32,338,2,20-29,20.0
108,Google_Pixel_5,Android,54,1.4,403,17,278,1,20-29,20.0
172,Google_Pixel_5,Android,46,1.1,487,17,208,1,20-29,20.0
208,Google_Pixel_5,Android,163,3.1,620,21,419,2,20-29,20.0
73,Google_Pixel_5,Android,457,6.3,2347,66,1082,4,20-29,20.0
253,Google_Pixel_5,Android,523,10.5,2460,99,1787,5,20-29,20.0
372,Google_Pixel_5,Android,561,10.6,2547,86,1823,5,20-29,20.0
509,Google_Pixel_5,Android,267,5.9,1740,45,791,3,20-29,20.0
672,Google_Pixel_5,Android,468,7.3,1937,64,1209,4,20-29,20.0
33,Google_Pixel_5,Android,278,4.7,1484,55,917,3,20-29,20.0
125,Google_Pixel_5,Android,227,5.1,1702,57,714,3,20-29,20.0
323,Google_Pixel_5,Android,347,6.3,2001,61,1456,4,20-29,20.0
331,Google_Pixel_5,Android,233,4.6,1534,49,796,3,20-29,20.0
490,Google_Pixel_5,Android,586,9.3,2403,94,2332,5,20-29,20.0
4,Google_Pixel_5,Android,239,4.8,1676,56,871,3,20-29,20.0
313,Google_Pixel_5,Android,132,2.9,1054,32,563,2,20-29,20.0
353,Google_Pixel_5,Android,225,4.6,1230,52,954,3,20-29,20.0
450,Google_Pixel_5,Android,34,1.2,518,10,170,1,20-29,20.0
645,Google_Pixel_5,Android,186,4.8,1494,53,949,3,20-29,20.0
248,Google_Pixel_5,Android,314,6.2,2205,63,1066,4,18-19,18.0
440,Google_Pixel_5,Android,123,3.9,915,39,468,2,18-19,18.0
570,Google_Pixel_5,Android,404,6.6,2181,77,1327,4,18-19,18.0
687,Google_Pixel_5,Android,335,7.7,2037,68,1007,4,18-19,18.0
193,IPhone_12,iOS,432,7.2,1822,63,1127,4,50+,50.0
478,IPhone_12,iOS,258,4.2,1315,44,762,3,50+,50.0
621,IPhone_12,iOS,218,5.0,1475,46,972,3,50+,50.0
628,IPhone_12,iOS,227,5.2,1446,46,920,3,50+,50.0
435,IPhone_12,iOS,581,8.4,2591,99,2304,5,50+,50.0
459,IPhone_12,iOS,56,1.0,547,10,142,1,50+,50.0
548,IPhone_12,iOS,139,2.6,658,33,358,2,50+,50.0
143,IPhone_12,iOS,156,2.2,896,37,429,2,50+,50.0
344,IPhone_12,iOS,290,6.0,1533,54,645,3,50+,50.0
487,IPhone_12,iOS,131,3.8,739,34,330,2,50+,50.0
488,IPhone_12,iOS,228,4.4,1734,46,804,3,50+,50.0
528,IPhone_12,iOS,44,1.2,466,10,131,1,50+,50.0
60,IPhone_12,iOS,325,7.1,2269,64,1053,4,50+,50.0
66,IPhone_12,iOS,225,4.0,1420,48,917,3,50+,50.0
93,IPhone_12,iOS,84,1.4,501,16,284,1,50+,50.0
343,IPhone_12,iOS,529,10.5,2971,87,1683,5,50+,50.0
416,IPhone_12,iOS,98,2.3,608,24,394,2,50+,50.0
421,IPhone_12,iOS,32,1.4,416,12,198,1,50+,50.0
483,IPhone_12,iOS,549,11.1,2851,87,1814,5,50+,50.0
633,IPhone_12,iOS,496,10.2,2587,84,1921,5,50+,50.0
67,IPhone_12,iOS,257,4.5,1705,57,912,3,50+,50.0
136,IPhone_12,iOS,555,11.3,2528,90,1856,5,50+,50.0
180,IPhone_12,iOS,539,11.9,2853,83,2007,5,50+,50.0
357,IPhone_12,iOS,291,4.1,1326,51,905,3,50+,50.0
627,IPhone_12,iOS,210,5.0,1614,53,679,3,50+,50.0
235,IPhone_12,iOS,132,3.8,636,28,529,2,50+,50.0
298,IPhone_12,iOS,170,2.7,805,26,344,2,50+,50.0
394,IPhone_12,iOS,331,7.4,2129,66,1459,4,50+,50.0
432,IPhone_12,iOS,140,3.8,1137,36,506,2,50+,50.0
492,IPhone_12,iOS,152,3.7,948,22,507,2,50+,50.0
649,IPhone_12,iOS,389,6.3,2294,76,1334,4,50+,50.0
666,IPhone_12,iOS,198,5.4,1544,53,635,3,50+,50.0
219,IPhone_12,iOS,499,9.6,2873,81,1805,5,50+,50.0
541,IPhone_12,iOS,567,10.5,2817,89,2194,5,50+,50.0
283,IPhone_12,iOS,386,7.7,2114,72,1209,4,50+,50.0
377,IPhone_12,iOS,65,1.7,490,17,122,1,50+,50.0
481,IPhone_12,iOS,155,2.4,954,39,441,2,50+,50.0
610,IPhone_12,iOS,551,8.5,2927,92,1901,5,50+,50.0
652,IPhone_12,iOS,69,1.7,519,10,167,1,50+,50.0
692,IPhone_12,iOS,178,4.0,856,37,569,2,50+,50.0
15,IPhone_12,iOS,189,5.4,1754,53,779,3,40-49,40.0
358,IPhone_12,iOS,488,9.5,2840,92,1986,5,40-49,40.0
611,IPhone_12,iOS,507,9.6,2606,95,1543,5,40-49,40.0
671,IPhone_12,iOS,81,1.6,387,13,224,1,40-49,40.0
183,IPhone_12,iOS,544,9.2,2936,83,2416,5,40-49,40.0
332,IPhone_12,iOS,176,3.8,727,36,362,2,40-49,40.0
262,IPhone_12,iOS,334,6.6,2394,68,1227,4,40-49,40.0
339,IPhone_12,iOS,306,6.1,2267,70,1449,4,40-49,40.0
420,IPhone_12,iOS,83,1.4,454,11,228,1,40-49,40.0
364,IPhone_12,iOS,321,7.9,2159,64,1499,4,40-49,40.0
455,IPhone_12,iOS,143,3.9,1160,24,398,2,40-49,40.0
500,IPhone_12,iOS,143,3.6,988,26,504,2,40-49,40.0
18,IPhone_12,iOS,299,5.8,1431,41,985,3,40-49,40.0
299,IPhone_12,iOS,264,5.2,1641,44,778,3,40-49,40.0
341,IPhone_12,iOS,75,1.0,435,13,223,1,40-49,40.0
345,IPhone_12,iOS,256,5.8,1309,52,840,3,40-49,40.0
422,IPhone_12,iOS,168,3.2,716,38,414,2,40-49,40.0
497,IPhone_12,iOS,182,4.8,1500,51,807,3,40-49,40.0
635,IPhone_12,iOS,318,6.6,2055,67,1253,4,40-49,40.0
10,IPhone_12,iOS,424,6.6,1957,75,1301,4,40-49,40.0
215,IPhone_12,iOS,152,3.3,1175,29,461,2,40-49,40.0
330,IPhone_12,iOS,541,8.3,2865,89,1820,5,40-49,40.0
648,IPhone_12,iOS,66,1.5,565,17,283,1,40-49,40.0
82,IPhone_12,iOS,172,2.8,1035,22,549,2,40-49,40.0
217,IPhone_12,iOS,402,6.9,2282,78,1397,4,40-49,40.0
265,IPhone_12,iOS,334,6.8,2000,77,1079,4,40-49,40.0
386,IPhone_12,iOS,349,6.6,2041,78,1096,4,40-49,40.0
403,IPhone_12,iOS,411,7.4,1960,71,1264,4,40-49,40.0
557,IPhone_12,iOS,142,3.5,625,25,370,2,40-49,40.0
75,IPhone_12,iOS,47,2.0,476,14,125,1,30-39,30.0
116,IPhone_12,iOS,121,3.2,651,34,596,2,30-39,30.0
184,IPhone_12,iOS,73,1.2,308,15,275,1,30-39,30.0
382,IPhone_12,iOS,493,10.4,2453,99,1813,5,30-39,30.0
485,IPhone_12,iOS,444,6.0,1873,61,1093,4,30-39,30.0
231,IPhone_12,iOS,159,2.3,1083,32,526,2,30-39,30.0
302,IPhone_12,iOS,267,4.4,1505,59,971,3,30-39,30.0
72,IPhone_12,iOS,521,9.0,2902,97,1701,5,30-39,30.0
202,IPhone_12,iOS,127,3.7,1153,35,314,2,30-39,30.0
346,IPhone_12,iOS,308,7.7,1974,73,1431,4,30-39,30.0
578,IPhone_12,iOS,381,7.5,2216,66,1291,4,30-39,30.0
194,IPhone_12,iOS,262,4.1,1287,52,997,3,30-39,30.0
680,IPhone_12,iOS,33,1.8,334,16,113,1,30-39,30.0
94,IPhone_12,iOS,134,2.5,1125,24,367,2,30-39,30.0
146,IPhone_12,iOS,188,5.3,1281,45,974,3,30-39,30.0
275,IPhone_12,iOS,122,2.6,639,37,568,2,30-39,30.0
414,IPhone_12,iOS,270,5.0,1532,51,957,3,30-39,30.0
187,IPhone_12,iOS,402,7.8,2014,79,1088,4,30-39,30.0
263,IPhone_12,iOS,518,9.6,2954,93,2125,5,30-39,30.0
303,IPhone_12,iOS,469,6.0,2290,67,1086,4,30-39,30.0
304,IPhone_12,iOS,541,11.4,2443,89,1923,5,30-39,30.0
370,IPhone_12,iOS,165,2.4,816,35,503,2,30-39,30.0
381,IPhone_12,iOS,188,4.6,1767,47,653,3,30-39,30.0
438,IPhone_12,iOS,41,1.7,408,16,291,1,30-39,30.0
240,IPhone_12,iOS,573,10.8,2711,96,2118,5,30-39,30.0
228,IPhone_12,iOS,193,5.2,1318,49,626,3,30-39,30.0
312,IPhone_12,iOS,341,7.2,2397,68,1055,4,30-39,30.0
553,IPhone_12,iOS,173,3.8,605,23,583,2,30-39,30.0
5,IPhone_12,iOS,187,4.3,1367,58,988,3,30-39,30.0
69,IPhone_12,iOS,516,10.2,2932,98,1547,5,30-39,30.0
232,IPhone_12,iOS,495,8.9,2855,91,2150,5,30-39,30.0
510,IPhone_12,iOS,492,10.0,2513,90,1968,5,30-39,30.0
564,IPhone_12,iOS,46,1.6,440,10,265,1,30-39,30.0
56,IPhone_12,iOS,68,1.6,450,14,111,1,30-39,30.0
189,IPhone_12,iOS,130,2.0,602,21,589,2,30-39,30.0
340,IPhone_12,iOS,64,1.2,590,13,155,1,30-39,30.0
601,IPhone_12,iOS,325,6.0,2244,70,1296,4,30-39,30.0
20,IPhone_12,iOS,577,8.5,2774,89,2192,5,20-29,20.0
27,IPhone_12,iOS,444,7.6,2372,77,1002,4,20-29,20.0
145,IPhone_12,iOS,524,11.2,2417,90,2069,5,20-29,20.0
315,IPhone_12,iOS,281,4.9,1566,59,632,3,20-29,20.0
444,IPhone_12,iOS,231,4.0,1664,48,724,3,20-29,20.0
474,IPhone_12,iOS,289,5.0,1625,45,687,3,20-29,20.0
118,IPhone_12,iOS,220,5.2,1631,49,909,3,20-29,20.0
174,IPhone_12,iOS,368,6.6,1817,72,1406,4,20-29,20.0
456,IPhone_12,iOS,74,1.6,436,13,182,1,20-29,20.0
457,IPhone_12,iOS,74,1.6,587,15,275,1,20-29,20.0
581,IPhone_12,iOS,527,10.0,2430,82,1737,5,20-29,20.0
37,IPhone_12,iOS,122,3.3,755,30,573,2,20-29,20.0
342,IPhone_12,iOS,597,10.3,2718,90,1863,5,20-29,20.0
371,IPhone_12,iOS,558,9.8,2765,83,1548,5,20-29,20.0
518,IPhone_12,iOS,64,1.2,592,19,218,1,20-29,20.0
542,IPhone_12,iOS,170,2.5,740,21,537,2,20-29,20.0
191,IPhone_12,iOS,134,2.2,917,23,423,2,20-29,20.0
325,IPhone_12,iOS,445,7.5,2007,78,1115,4,20-29,20.0
464,IPhone_12,iOS,290,4.6,1694,50,809,3,20-29,20.0
533,IPhone_12,iOS,431,6.4,2206,66,1200,4,20-29,20.0
669,IPhone_12,iOS,170,2.4,1039,38,334,2,20-29,20.0
164,IPhone_12,iOS,32,2.0,469,18,139,1,20-29,20.0
267,IPhone_12,iOS,181,4.1,1608,43,752,3,20-29,20.0
321,IPhone_12,iOS,227,4.4,1275,56,984,3,20-29,20.0
405,IPhone_12,iOS,559,8.2,2618,84,2102,5,20-29,20.0
423,IPhone_12,iOS,416,6.1,2115,71,1041,4,20-29,20.0
431,IPhone_12,iOS,266,5.5,1238,59,839,3,20-29,20.0
445,IPhone_12,iOS,555,8.8,2540,97,2402,5,20-29,20.0
696,IPhone_12,iOS,92,3.9,1082,26,381,2,20-29,20.0
151,IPhone_12,iOS,523,9.4,2583,92,1539,5,20-29,20.0
630,IPhone_12,iOS,461,6.3,1988,62,1004,4,20-29,20.0
97,IPhone_12,iOS,550,9.5,2916,91,1946,5,20-29,20.0
127,IPhone_12,iOS,332,7.4,2149,68,1321,4,20-29,20.0
309,IPhone_12,iOS,285,5.1,1226,57,666,3,20-29,20.0
398,IPhone_12,iOS,517,11.6,2798,90,2175,5,20-29,20.0
498,IPhone_12,iOS,102,2.9,918,37,362,2,20-29,20.0
305,IPhone_12,iOS,155,2.9,1117,22,322,2,18-19,18.0
555,IPhone_12,iOS,387,6.6,2168,61,1246,4,18-19,18.0
583,IPhone_12,iOS,191,5.7,1414,53,991,3,18-19,18.0
117,IPhone_12,iOS,75,1.2,409,13,281,1,18-19,18.0
598,OnePlus_9,Android,140,2.5,825,31,347,2,50+,50.0
25,OnePlus_9,Android,216,4.0,1711,59,748,3,50+,50.0
368,OnePlus_9,Android,598,11.2,2876,85,2477,5,50+,50.0
392,OnePlus_9,Android,337,6.1,1901,76,1359,4,50+,50.0
13,OnePlus_9,Android,462,6.2,2303,65,1099,4,50+,50.0
347,OnePlus_9,Android,156,3.3,1020,38,447,2,50+,50.0
514,OnePlus_9,Android,110,3.4,975,31,507,2,50+,50.0
571,OnePlus_9,Android,441,7.1,1928,74,1421,4,50+,50.0
149,OnePlus_9,Android,228,4.2,1677,58,823,3,50+,50.0
573,OnePlus_9,Android,211,5.9,1757,42,864,3,50+,50.0
29,OnePlus_9,Android,452,6.8,2387,77,1456,4,50+,50.0
316,OnePlus_9,Android,74,2.0,320,11,103,1,50+,50.0
408,OnePlus_9,Android,395,7.3,2291,61,1049,4,50+,50.0
466,OnePlus_9,Android,265,4.8,1770,51,723,3,50+,50.0
333,OnePlus_9,Android,191,6.0,1762,45,904,3,50+,50.0
355,OnePlus_9,Android,53,1.4,455,14,106,1,50+,50.0
605,OnePlus_9,Android,182,5.3,1278,42,885,3,50+,50.0
688,OnePlus_9,Android,387,6.3,2098,61,1178,4,50+,50.0
239,OnePlus_9,Android,64,1.7,585,13,107,1,50+,50.0
606,OnePlus_9,Android,425,6.0,1928,72,1150,4,50+,50.0
413,OnePlus_9,Android,257,5.1,1692,46,769,3,50+,50.0
439,OnePlus_9,Android,105,3.0,728,24,343,2,50+,50.0
452,OnePlus_9,Android,591,11.8,2953,92,1903,5,50+,50.0
81,OnePlus_9,Android,565,10.6,2475,99,1603,5,50+,50.0
216,OnePlus_9,Android,553,8.4,2559,89,2471,5,50+,50.0
243,OnePlus_9,Android,162,3.5,761,36,338,2,50+,50.0
272,OnePlus_9,Android,284,4.2,1360,56,888,3,50+,50.0
380,OnePlus_9,Android,106,3.0,922,22,313,2,50+,50.0
428,OnePlus_9,Android,105,3.8,967,28,489,2,50+,50.0
520,OnePlus_9,Android,119,2.2,1123,22,371,2,50+,50.0
100,OnePlus_9,Android,225,5.5,1526,44,875,3,50+,50.0
460,OnePlus_9,Android,174,2.4,639,37,545,2,50+,50.0
50,OnePlus_9,Android,589,8.7,2736,82,1997,5,40-49,40.0
276,OnePlus_9,Android,501,11.9,2702,88,1738,5,40-49,40.0
369,OnePlus_9,Android,102,3.9,747,36,408,2,40-49,40.0
2,OnePlus_9,Android,268,4.7,1331,42,944,3,40-49,40.0
17,OnePlus_9,Android,132,3.6,628,32,344,2,40-49,40.0
197,OnePlus_9,Android,215,4.4,1407,41,991,3,40-49,40.0
289,OnePlus_9,Android,121,3.7,619,36,473,2,40-49,40.0
319,OnePlus_9,Android,408,6.6,2026,63,1076,4,40-49,40.0
532,OnePlus_9,Android,339,7.9,1987,66,1191,4,40-49,40.0
560,OnePlus_9,Android,553,11.6,2914,81,1860,5,40-49,40.0
637,OnePlus_9,Android,510,10.7,2433,90,1729,5,40-49,40.0
256,OnePlus_9,Android,397,7.0,2352,77,1101,4,40-49,40.0
458,OnePlus_9,Android,234,4.7,1707,55,871,3,40-49,40.0
644,OnePlus_9,Android,105,3.3,723,35,566,2,40-49,40.0
308,OnePlus_9,Android,410,7.5,2176,68,1213,4,40-49,40.0
336,OnePlus_9,Android,531,9.8,2905,99,1632,5,40-49,40.0
427,OnePlus_9,Android,98,2.4,747,36,403,2,40-49,40.0
602,OnePlus_9,Android,83,1.2,545,15,284,1,40-49,40.0
22,OnePlus_9,Android,576,11.6,2803,82,1553,5,40-49,40.0
307,OnePlus_9,Android,243,5.0,1232,47,877,3,40-49,40.0
399,OnePlus_9,Android,41,1.6,323,18,221,1,40-49,40.0
603,OnePlus_9,Android,122,3.0,922,32,373,2,40-49,40.0
57,OnePlus_9,Android,64,1.1,572,10,161,1,40-49,40.0
317,OnePlus_9,Android,299,4.3,1737,43,953,3,40-49,40.0
375,OnePlus_9,Android,69,1.3,434,12,164,1,40-49,40.0
434,OnePlus_9,Android,46,2.0,309,15,116,1,40-49,40.0
111,OnePlus_9,Android,95,3.8,718,26,459,2,40-49,40.0
198,OnePlus_9,Android,151,3.7,1116,32,320,2,40-49,40.0
209,OnePlus_9,Android,539,9.3,2606,92,1990,5,40-49,40.0
296,OnePlus_9,Android,65,1.8,481,18,130,1,40-49,40.0
479,OnePlus_9,Android,258,4.3,1759,59,718,3,40-49,40.0
596,OnePlus_9,Android,512,10.5,2538,82,1694,5,40-49,40.0
604,OnePlus_9,Android,138,2.1,660,22,424,2,40-49,40.0
39,OnePlus_9,Android,473,6.4,2312,74,1400,4,40-49,40.0
310,OnePlus_9,Android,397,6.8,2027,66,1167,4,40-49,40.0
579,OnePlus_9,Android,257,6.0,1715,49,916,3,40-49,40.0
110,OnePlus_9,Android,216,6.0,1641,41,889,3,30-39,30.0
122,OnePlus_9,Android,529,8.7,2484,89,2189,5,30-39,30.0
173,OnePlus_9,Android,153,2.8,935,25,578,2,30-39,30.0
188,OnePlus_9,Android,75,1.1,379,15,185,1,30-39,30.0
286,OnePlus_9,Android,534,10.8,2805,90,1538,5,30-39,30.0
383,OnePlus_9,Android,84,1.5,373,19,299,1,30-39,30.0
607,OnePlus_9,Android,580,10.4,2496,81,2441,5,30-39,30.0
234,OnePlus_9,Android,129,3.4,1059,27,580,2,30-39,30.0
391,OnePlus_9,Android,311,7.9,2231,69,1021,4,30-39,30.0
589,OnePlus_9,Android,424,7.5,1995,75,1228,4,30-39,30.0
617,OnePlus_9,Android,288,5.4,1476,49,767,3,30-39,30.0
245,OnePlus_9,Android,30,1.3,479,16,253,1,30-39,30.0
519,OnePlus_9,Android,574,8.5,2780,87,1809,5,30-39,30.0
546,OnePlus_9,Android,50,2.0,362,17,182,1,30-39,30.0
677,OnePlus_9,Android,141,3.8,689,38,576,2,30-39,30.0
42,OnePlus_9,Android,576,10.1,2447,83,2323,5,30-39,30.0
181,OnePlus_9,Android,151,2.4,1124,38,571,2,30-39,30.0
221,OnePlus_9,Android,433,6.8,2093,75,1300,4,30-39,30.0
222,OnePlus_9,Android,133,2.0,1007,31,417,2,30-39,30.0
268,OnePlus_9,Android,584,9.4,2766,84,2151,5,30-39,30.0
568,OnePlus_9,Android,86,1.7,312,16,227,1,30-39,30.0
8,OnePlus_9,Android,543,11.4,2956,82,1702,5,30-39,30.0
297,OnePlus_9,Android,458,6.6,2214,67,1163,4,30-39,30.0
329,OnePlus_9,Android,88,1.6,420,12,274,1,30-39,30.0
626,OnePlus_9,Android,55,1.8,328,12,196,1,30-39,30.0
384,OnePlus_9,Android,104,2.9,653,35,322,2,30-39,30.0
535,OnePlus_9,Android,389,6.1,2087,67,1383,4,30-39,30.0
585,OnePlus_9,Android,73,1.3,538,19,175,1,30-39,30.0
251,OnePlus_9,Android,42,1.4,324,13,272,1,20-29,20.0
400,OnePlus_9,Android,49,1.5,571,10,203,1,20-29,20.0
586,OnePlus_9,Android,149,3.1,1191,28,563,2,20-29,20.0
634,OnePlus_9,Android,138,3.2,1142,31,366,2,20-29,20.0
98,OnePlus_9,Android,516,12.0,2406,82,1968,5,20-29,20.0
291,OnePlus_9,Android,448,7.6,2199,66,1047,4,20-29,20.0
387,OnePlus_9,Android,98,2.0,925,32,457,2,20-29,20.0
154,OnePlus_9,Android,329,7.5,2277,72,1185,4,20-29,20.0
225,OnePlus_9,Android,92,2.5,690,31,563,2,20-29,20.0
306,OnePlus_9,Android,106,2.8,686,32,594,2,20-29,20.0
540,OnePlus_9,Android,592,9.4,2867,95,1701,5,20-29,20.0
58,OnePlus_9,Android,539,8.4,2796,89,2415,5,20-29,20.0
376,OnePlus_9,Android,44,1.1,531,17,232,1,20-29,20.0
619,OnePlus_9,Android,342,7.0,1826,71,1077,4,20-29,20.0
642,OnePlus_9,Android,50,1.4,443,16,255,1,20-29,20.0
205,OnePlus_9,Android,100,3.3,961,21,433,2,20-29,20.0
326,OnePlus_9,Android,203,4.3,1554,54,638,3,20-29,20.0
516,OnePlus_9,Android,126,2.2,1187,28,599,2,20-29,20.0
12,OnePlus_9,Android,215,5.5,1690,47,641,3,20-29,20.0
218,OnePlus_9,Android,555,9.5,2855,95,1565,5,20-29,20.0
255,OnePlus_9,Android,52,1.2,398,14,172,1,20-29,20.0
328,OnePlus_9,Android,48,2.0,574,18,127,1,20-29,20.0
425,OnePlus_9,Android,201,5.0,1482,59,709,3,20-29,20.0
447,OnePlus_9,Android,546,8.8,2852,81,1641,5,20-29,20.0
252,OnePlus_9,Android,441,7.9,2332,78,1477,4,20-29,20.0
494,OnePlus_9,Android,329,6.8,1892,69,1383,4,20-29,20.0
700,OnePlus_9,Android,212,5.4,1306,49,828,3,20-29,20.0
47,OnePlus_9,Android,558,8.4,2447,97,1594,5,20-29,20.0
362,OnePlus_9,Android,557,10.4,2900,97,1609,5,20-29,20.0
366,OnePlus_9,Android,382,7.2,1965,67,1341,4,20-29,20.0
547,OnePlus_9,Android,236,4.6,1750,45,971,3,20-29,20.0
624,OnePlus_9,Android,42,1.8,417,15,284,1,20-29,20.0
437,OnePlus_9,Android,221,4.4,1341,46,862,3,20-29,20.0
521,OnePlus_9,Android,350,6.5,2364,75,1485,4,20-29,20.0
102,OnePlus_9,Android,183,4.1,1210,45,738,3,18-19,18.0
199,OnePlus_9,Android,80,1.6,549,14,197,1,18-19,18.0
238,OnePlus_9,Android,425,6.9,2142,66,1130,4,18-19,18.0
373,Samsung_Galaxy_S21,Android,511,10.9,2514,91,2335,5,50+,50.0
526,Samsung_Galaxy_S21,Android,224,4.5,1646,57,665,3,50+,50.0
620,Samsung_Galaxy_S21,Android,292,4.2,1407,54,867,3,50+,50.0
95,Samsung_Galaxy_S21,Android,411,7.5,2169,72,1083,4,50+,50.0
446,Samsung_Galaxy_S21,Android,378,7.2,1859,61,1318,4,50+,50.0
448,Samsung_Galaxy_S21,Android,234,5.2,1604,58,919,3,50+,50.0
647,Samsung_Galaxy_S21,Android,89,1.3,314,16,201,1,50+,50.0
264,Samsung_Galaxy_S21,Android,70,1.7,359,10,109,1,50+,50.0
379,Samsung_Galaxy_S21,Android,525,10.8,2445,99,1623,5,50+,50.0
418,Samsung_Galaxy_S21,Android,572,11.7,2655,91,2481,5,50+,50.0
480,Samsung_Galaxy_S21,Android,189,4.8,1681,59,795,3,50+,50.0
525,Samsung_Galaxy_S21,Android,272,5.2,1390,45,792,3,50+,50.0
451,Samsung_Galaxy_S21,Android,179,3.5,1114,30,466,2,50+,50.0
269,Samsung_Galaxy_S21,Android,208,4.7,1642,45,861,3,50+,50.0
327,Samsung_Galaxy_S21,Android,199,6.0,1707,57,881,3,50+,50.0
462,Samsung_Galaxy_S21,Android,123,3.3,938,36,438,2,50+,50.0
463,Samsung_Galaxy_S21,Android,216,5.9,1789,54,987,3,50+,50.0
544,Samsung_Galaxy_S21,Android,275,5.5,1616,48,656,3,50+,50.0
351,Samsung_Galaxy_S21,Android,463,6.9,2111,73,1463,4,50+,50.0
360,Samsung_Galaxy_S21,Android,230,4.6,1325,55,845,3,50+,50.0
393,Samsung_Galaxy_S21,Android,168,3.5,1055,29,313,2,50+,50.0
476,Samsung_Galaxy_S21,Android,412,6.2,2201,68,1085,4,50+,50.0
515,Samsung_Galaxy_S21,Android,466,7.1,1984,73,1461,4,50+,50.0
224,Samsung_Galaxy_S21,Android,532,10.7,2556,83,2148,5,50+,50.0
354,Samsung_Galaxy_S21,Android,379,7.5,1823,68,1075,4,50+,50.0
26,Samsung_Galaxy_S21,Android,91,3.4,1073,38,451,2,50+,50.0
152,Samsung_Galaxy_S21,Android,42,1.6,315,19,207,1,50+,50.0
295,Samsung_Galaxy_S21,Android,580,8.5,2660,87,1795,5,50+,50.0
678,Samsung_Galaxy_S21,Android,115,3.5,706,26,495,2,50+,50.0
79,Samsung_Galaxy_S21,Android,78,1.8,333,17,138,1,50+,50.0
159,Samsung_Galaxy_S21,Android,304,6.5,2375,79,1493,4,50+,50.0
281,Samsung_Galaxy_S21,Android,73,1.7,403,12,163,1,50+,50.0
404,Samsung_Galaxy_S21,Android,566,8.6,2595,89,1657,5,50+,50.0
467,Samsung_Galaxy_S21,Android,414,7.3,2349,75,1092,4,50+,50.0
126,Samsung_Galaxy_S21,Android,535,11.8,2858,99,2378,5,50+,50.0
230,Samsung_Galaxy_S21,Android,360,7.3,1946,79,1164,4,50+,50.0
506,Samsung_Galaxy_S21,Android,348,6.6,2398,66,1415,4,40-49,40.0
576,Samsung_Galaxy_S21,Android,94,3.5,606,30,446,2,40-49,40.0
524,Samsung_Galaxy_S21,Android,506,11.2,2623,98,2460,5,40-49,40.0
636,Samsung_Galaxy_S21,Android,96,3.4,1198,39,401,2,40-49,40.0
287,Samsung_Galaxy_S21,Android,314,7.4,2136,64,1376,4,40-49,40.0
600,Samsung_Galaxy_S21,Android,192,4.3,1382,42,905,3,40-49,40.0
335,Samsung_Galaxy_S21,Android,37,1.5,375,18,246,1,40-49,40.0
348,Samsung_Galaxy_S21,Android,62,1.4,542,18,266,1,40-49,40.0
667,Samsung_Galaxy_S21,Android,529,11.4,2891,82,1845,5,40-49,40.0
21,Samsung_Galaxy_S21,Android,93,2.6,681,37,302,2,40-49,40.0
71,Samsung_Galaxy_S21,Android,452,7.2,1808,64,1090,4,40-49,40.0
90,Samsung_Galaxy_S21,Android,301,6.2,2053,75,1303,4,40-49,40.0
121,Samsung_Galaxy_S21,Android,388,6.6,2085,71,1150,4,40-49,40.0
356,Samsung_Galaxy_S21,Android,30,1.9,574,19,287,1,40-49,40.0
625,Samsung_Galaxy_S21,Android,36,1.5,310,15,272,1,40-49,40.0
632,Samsung_Galaxy_S21,Android,216,5.1,1483,54,977,3,40-49,40.0
684,Samsung_Galaxy_S21,Android,75,1.6,325,12,225,1,40-49,40.0
88,Samsung_Galaxy_S21,Android,34,1.5,345,11,276,1,40-49,40.0
244,Samsung_Galaxy_S21,Android,451,6.5,2378,69,1341,4,40-49,40.0
337,Samsung_Galaxy_S21,Android,473,7.9,2292,62,1472,4,40-49,40.0
699,Samsung_Galaxy_S21,Android,62,1.7,431,13,224,1,40-49,40.0
43,Samsung_Galaxy_S21,Android,120,2.1,720,39,392,2,40-49,40.0
65,Samsung_Galaxy_S21,Android,459,7.0,1982,67,1091,4,40-49,40.0
9,Samsung_Galaxy_S21,Android,340,7.7,2138,75,1053,4,40-49,40.0
114,Samsung_Galaxy_S21,Android,136,3.2,818,33,404,2,40-49,40.0
134,Samsung_Galaxy_S21,Android,79,1.0,313,18,139,1,40-49,40.0
641,Samsung_Galaxy_S21,Android,63,1.8,321,11,271,1,40-49,40.0
229,Samsung_Galaxy_S21,Android,132,3.8,649,25,368,2,40-49,40.0
471,Samsung_Galaxy_S21,Android,248,4.6,1396,52,883,3,40-49,40.0
566,Samsung_Galaxy_S21,Android,60,1.3,462,15,296,1,40-49,40.0
87,Samsung_Galaxy_S21,Android,151,2.4,1003,25,392,2,30-39,30.0
137,Samsung_Galaxy_S21,Android,66,1.7,375,16,216,1,30-39,30.0
442,Samsung_Galaxy_S21,Android,223,5.7,1295,44,751,3,30-39,30.0
512,Samsung_Galaxy_S21,Android,567,10.8,2911,89,1682,5,30-39,30.0
590,Samsung_Galaxy_S21,Android,111,3.6,627,26,464,2,30-39,30.0
561,Samsung_Galaxy_S21,Android,408,6.2,2245,69,1103,4,30-39,30.0
426,Samsung_Galaxy_S21,Android,130,2.8,1062,24,579,2,30-39,30.0
552,Samsung_Galaxy_S21,Android,157,2.5,1110,30,373,2,30-39,30.0
554,Samsung_Galaxy_S21,Android,405,7.3,2082,75,1162,4,30-39,30.0
580,Samsung_Galaxy_S21,Android,47,1.1,532,18,122,1,30-39,30.0
668,Samsung_Galaxy_S21,Android,205,5.5,1699,49,729,3,30-39,30.0
161,Samsung_Galaxy_S21,Android,64,1.6,540,19,262,1,30-39,30.0
338,Samsung_Galaxy_S21,Android,30,1.3,561,15,252,1,30-39,30.0
350,Samsung_Galaxy_S21,Android,303,7.4,2314,66,1387,4,30-39,30.0
482,Samsung_Galaxy_S21,Android,528,10.4,2717,87,2140,5,30-39,30.0
513,Samsung_Galaxy_S21,Android,36,1.6,442,17,249,1,30-39,30.0
538,Samsung_Galaxy_S21,Android,593,11.1,2672,82,2258,5,30-39,30.0
695,Samsung_Galaxy_S21,Android,564,9.7,2422,83,1985,5,30-39,30.0
147,Samsung_Galaxy_S21,Android,443,7.4,2289,73,1026,4,30-39,30.0
280,Samsung_Galaxy_S21,Android,411,7.8,2029,75,1136,4,30-39,30.0
190,Samsung_Galaxy_S21,Android,42,1.1,402,11,265,1,30-39,30.0
388,Samsung_Galaxy_S21,Android,72,1.3,461,13,199,1,30-39,30.0
690,Samsung_Galaxy_S21,Android,541,9.5,2424,98,1550,5,30-39,30.0
178,Samsung_Galaxy_S21,Android,193,5.7,1471,51,972,3,30-39,30.0
201,Samsung_Galaxy_S21,Android,495,8.9,2920,84,2252,5,30-39,30.0
411,Samsung_Galaxy_S21,Android,501,11.8,2790,86,2074,5,30-39,30.0
537,Samsung_Galaxy_S21,Android,289,5.9,1528,48,915,3,30-39,30.0
591,Samsung_Galaxy_S21,Android,159,3.7,630,33,575,2,30-39,30.0
144,Samsung_Galaxy_S21,Android,68,1.1,528,12,201,1,20-29,20.0
246,Samsung_Galaxy_S21,Android,202,5.0,1542,45,844,3,20-29,20.0
495,Samsung_Galaxy_S21,Android,107,2.5,1176,24,545,2,20-29,20.0
654,Samsung_Galaxy_S21,Android,49,1.2,365,19,144,1,20-29,20.0
119,Samsung_Galaxy_S21,Android,82,1.6,590,13,124,1,20-29,20.0
385,Samsung_Galaxy_S21,Android,102,3.0,890,38,548,2,20-29,20.0
599,Samsung_Galaxy_S21,Android,114,3.0,1131,31,596,2,20-29,20.0
48,Samsung_Galaxy_S21,Android,138,3.6,889,25,323,2,20-29,20.0
53,Samsung_Galaxy_S21,Android,125,2.7,690,28,393,2,20-29,20.0
558,Samsung_Galaxy_S21,Android,198,4.2,1392,43,640,3,20-29,20.0
582,Samsung_Galaxy_S21,Android,148,2.7,625,34,416,2,20-29,20.0
670,Samsung_Galaxy_S21,Android,160,3.2,648,31,339,2,20-29,20.0
361,Samsung_Galaxy_S21,Android,517,11.8,2435,86,2208,5,20-29,20.0
453,Samsung_Galaxy_S21,Android,120,3.3,734,35,583,2,20-29,20.0
594,Samsung_Galaxy_S21,Android,217,4.2,1500,42,677,3,20-29,20.0
211,Samsung_Galaxy_S21,Android,451,6.1,2108,76,1434,4,20-29,20.0
213,Samsung_Galaxy_S21,Android,133,3.4,714,38,445,2,20-29,20.0
311,Samsung_Galaxy_S21,Android,230,4.2,1507,51,868,3,20-29,20.0
536,Samsung_Galaxy_S21,Android,139,3.3,937,24,573,2,20-29,20.0
38,Samsung_Galaxy_S21,Android,522,11.2,2808,93,2328,5,20-29,20.0
588,Samsung_Galaxy_S21,Android,328,6.1,1975,72,1101,4,20-29,20.0
23,Samsung_Galaxy_S21,Android,423,6.5,2094,65,1372,4,20-29,20.0
40,Samsung_Galaxy_S21,Android,398,6.2,1851,77,1180,4,20-29,20.0
195,Samsung_Galaxy_S21,Android,473,6.4,2109,79,1300,4,20-29,20.0
409,Samsung_Galaxy_S21,Android,357,7.8,2289,74,1242,4,20-29,20.0
449,Samsung_Galaxy_S21,Android,152,3.0,617,22,306,2,20-29,20.0
574,Samsung_Galaxy_S21,Android,537,9.1,2858,86,2158,5,20-29,20.0
593,Samsung_Galaxy_S21,Android,379,7.7,1809,64,1050,4,20-29,20.0
7,Samsung_Galaxy_S21,Android,350,7.3,1802,66,1054,4,20-29,20.0
550,Samsung_Galaxy_S21,Android,172,4.0,1047,32,508,2,20-29,20.0
36,Samsung_Galaxy_S21,Android,32,1.2,580,19,153,1,20-29,20.0
237,Samsung_Galaxy_S21,Android,524,8.9,2549,88,1730,5,20-29,20.0
270,Samsung_Galaxy_S21,Android,381,6.6,2160,69,1450,4,20-29,20.0
461,Samsung_Galaxy_S21,Android,523,9.0,2696,91,1561,5,20-29,20.0
30,Samsung_Galaxy_S21,Android,412,6.2,1899,78,1384,4,18-19,18.0
44,Samsung_Galaxy_S21,Android,152,3.7,993,32,429,2,18-19,18.0
139,Samsung_Galaxy_S21,Android,497,9.7,2876,94,2076,5,18-19,18.0
212,Samsung_Galaxy_S21,Android,481,10.9,2752,86,2017,5,18-19,18.0
615,Samsung_Galaxy_S21,Android,106,4.0,1158,23,493,2,18-19,18.0
226,Xiaomi_Mi_11,Android,511,10.8,2712,97,2438,5,50+,50.0
227,Xiaomi_Mi_11,Android,384,7.0,2185,72,1376,4,50+,50.0
300,Xiaomi_Mi_11,Android,122,3.3,748,35,499,2,50+,50.0
697,Xiaomi_Mi_11,Android,316,6.8,1965,68,1201,4,50+,50.0
429,Xiaomi_Mi_11,Android,94,2.3,1033,33,369,2,50+,50.0
62,Xiaomi_Mi_11,Android,309,7.5,2292,77,1253,4,50+,50.0
41,Xiaomi_Mi_11,Android,240,4.7,1464,52,708,3,50+,50.0
45,Xiaomi_Mi_11,Android,138,2.4,837,21,572,2,50+,50.0
63,Xiaomi_Mi_11,Android,79,1.9,493,14,128,1,50+,50.0
503,Xiaomi_Mi_11,Android,582,8.4,2664,91,2493,5,50+,50.0
629,Xiaomi_Mi_11,Android,47,1.2,437,18,234,1,50+,50.0
51,Xiaomi_Mi_11,Android,452,7.4,2180,61,1417,4,50+,50.0
77,Xiaomi_Mi_11,Android,34,2.0,558,14,122,1,50+,50.0
115,Xiaomi_Mi_11,Android,471,7.9,2156,76,1324,4,50+,50.0
157,Xiaomi_Mi_11,Android,86,1.7,439,19,136,1,50+,50.0
54,Xiaomi_Mi_11,Android,97,2.2,1101,38,375,2,50+,50.0
271,Xiaomi_Mi_11,Android,426,6.5,1969,78,1266,4,50+,50.0
472,Xiaomi_Mi_11,Android,541,9.4,2452,93,1811,5,50+,50.0
132,Xiaomi_Mi_11,Android,320,7.2,2056,69,1226,4,50+,50.0
257,Xiaomi_Mi_11,Android,424,7.7,1863,65,1116,4,50+,50.0
396,Xiaomi_Mi_11,Android,472,6.8,2288,61,1356,4,50+,50.0
665,Xiaomi_Mi_11,Android,555,10.3,2568,83,2003,5,50+,50.0
135,Xiaomi_Mi_11,Android,83,1.6,303,19,285,1,50+,50.0
158,Xiaomi_Mi_11,Android,339,7.8,2102,71,1062,4,50+,50.0
74,Xiaomi_Mi_11,Android,31,1.1,585,11,208,1,50+,50.0
96,Xiaomi_Mi_11,Android,326,7.2,2243,73,1454,4,50+,50.0
109,Xiaomi_Mi_11,Android,187,5.5,1754,55,711,3,50+,50.0
141,Xiaomi_Mi_11,Android,219,5.2,1510,42,655,3,50+,50.0
249,Xiaomi_Mi_11,Android,168,4.0,866,22,581,2,50+,50.0
390,Xiaomi_Mi_11,Android,119,2.8,775,31,313,2,50+,50.0
412,Xiaomi_Mi_11,Android,575,8.2,2918,88,1928,5,50+,50.0
166,Xiaomi_Mi_11,Android,540,8.4,2993,98,1540,5,40-49,40.0
260,Xiaomi_Mi_11,Android,570,9.0,2613,98,2497,5,40-49,40.0
314,Xiaomi_Mi_11,Android,130,3.0,820,21,308,2,40-49,40.0
475,Xiaomi_Mi_11,Android,210,4.9,1657,55,765,3,40-49,40.0
484,Xiaomi_Mi_11,Android,78,1.6,470,18,230,1,40-49,40.0
523,Xiaomi_Mi_11,Android,438,6.5,1849,64,1125,4,40-49,40.0
254,Xiaomi_Mi_11,Android,100,2.4,982,31,478,2,40-49,40.0
595,Xiaomi_Mi_11,Android,447,6.3,1959,63,1441,4,40-49,40.0
662,Xiaomi_Mi_11,Android,138,3.1,947,29,545,2,40-49,40.0
693,Xiaomi_Mi_11,Android,378,6.7,1898,78,1455,4,40-49,40.0
279,Xiaomi_Mi_11,Android,85,1.6,417,12,122,1,40-49,40.0
575,Xiaomi_Mi_11,Android,519,10.9,2571,93,2163,5,40-49,40.0
469,Xiaomi_Mi_11,Android,429,7.5,1921,61,1102,4,40-49,40.0
663,Xiaomi_Mi_11,Android,130,3.2,1189,37,448,2,40-49,40.0
171,Xiaomi_Mi_11,Android,92,3.7,1124,27,524,2,40-49,40.0
517,Xiaomi_Mi_11,Android,120,3.8,940,36,535,2,40-49,40.0
565,Xiaomi_Mi_11,Android,290,4.4,1272,55,910,3,40-49,40.0
613,Xiaomi_Mi_11,Android,553,10.2,2911,82,2441,5,40-49,40.0
14,Xiaomi_Mi_11,Android,215,4.9,1662,43,857,3,40-49,40.0
165,Xiaomi_Mi_11,Android,278,4.8,1238,48,851,3,40-49,40.0
220,Xiaomi_Mi_11,Android,101,3.2,603,28,417,2,40-49,40.0
261,Xiaomi_Mi_11,Android,64,1.3,490,14,151,1,40-49,40.0
531,Xiaomi_Mi_11,Android,589,11.8,2629,86,2479,5,40-49,40.0
587,Xiaomi_Mi_11,Android,197,4.4,1665,44,608,3,40-49,40.0
659,Xiaomi_Mi_11,Android,463,6.8,2358,68,1236,4,40-49,40.0
3,Xiaomi_Mi_11,Android,154,4.0,761,32,322,2,40-49,40.0
162,Xiaomi_Mi_11,Android,53,1.9,526,15,112,1,40-49,40.0
401,Xiaomi_Mi_11,Android,522,11.1,2821,86,1891,5,40-49,40.0
508,Xiaomi_Mi_11,Android,33,2.0,318,11,173,1,40-49,40.0
551,Xiaomi_Mi_11,Android,455,6.2,1984,72,1287,4,40-49,40.0
683,Xiaomi_Mi_11,Android,190,5.5,1718,58,815,3,40-49,40.0
623,Xiaomi_Mi_11,Android,453,7.4,2363,65,1046,4,40-49,40.0
160,Xiaomi_Mi_11,Android,131,2.4,859,26,305,2,40-49,40.0
609,Xiaomi_Mi_11,Android,258,4.9,1596,56,937,3,40-49,40.0
658,Xiaomi_Mi_11,Android,278,5.3,1368,56,894,3,40-49,40.0
676,Xiaomi_Mi_11,Android,81,1.5,545,17,159,1,40-49,40.0
46,Xiaomi_Mi_11,Android,502,10.9,2476,96,1935,5,30-39,30.0
35,Xiaomi_Mi_11,Android,593,10.2,2499,81,1616,5,30-39,30.0
179,Xiaomi_Mi_11,Android,207,5.7,1582,52,692,3,30-39,30.0
363,Xiaomi_Mi_11,Android,78,1.5,341,11,259,1,30-39,30.0
31,Xiaomi_Mi_11,Android,260,6.0,1361,44,889,3,30-39,30.0
242,Xiaomi_Mi_11,Android,564,11.7,2764,81,2133,5,30-39,30.0
430,Xiaomi_Mi_11,Android,540,10.1,2757,90,2180,5,30-39,30.0
470,Xiaomi_Mi_11,Android,39,1.9,541,16,294,1,30-39,30.0
612,Xiaomi_Mi_11,Android,57,1.3,489,16,131,1,30-39,30.0
106,Xiaomi_Mi_11,Android,66,1.2,585,12,264,1,30-39,30.0
130,Xiaomi_Mi_11,Android,97,3.3,751,39,412,2,30-39,30.0
486,Xiaomi_Mi_11,Android,80,1.1,417,18,298,1,30-39,30.0
493,Xiaomi_Mi_11,Android,87,1.5,594,19,198,1,30-39,30.0
200,Xiaomi_Mi_11,Android,126,2.8,971,32,431,2,30-39,30.0
233,Xiaomi_Mi_11,Android,537,10.0,2720,83,1763,5,30-39,30.0
301,Xiaomi_Mi_11,Android,420,6.5,2113,65,1314,4,30-39,30.0
660,Xiaomi_Mi_11,Android,505,9.6,2464,91,2375,5,30-39,30.0
89,Xiaomi_Mi_11,Android,137,3.3,839,31,348,2,30-39,30.0
185,Xiaomi_Mi_11,Android,597,10.4,2984,91,1564,5,30-39,30.0
365,Xiaomi_Mi_11,Android,579,8.6,2539,84,1935,5,30-39,30.0
389,Xiaomi_Mi_11,Android,563,11.6,2968,92,2191,5,30-39,30.0
436,Xiaomi_Mi_11,Android,105,3.4,798,21,467,2,30-39,30.0
156,Xiaomi_Mi_11,Android,158,3.4,893,36,493,2,30-39,30.0
277,Xiaomi_Mi_11,Android,269,5.9,1666,42,629,3,30-39,30.0
489,Xiaomi_Mi_11,Android,416,7.3,1882,62,1333,4,30-39,30.0
556,Xiaomi_Mi_11,Android,201,4.9,1633,41,972,3,30-39,30.0
638,Xiaomi_Mi_11,Android,83,1.1,546,10,289,1,30-39,30.0
129,Xiaomi_Mi_11,Android,125,2.5,678,34,465,2,30-39,30.0
155,Xiaomi_Mi_11,Android,68,1.5,364,10,102,1,30-39,30.0
324,Xiaomi_Mi_11,Android,76,1.3,490,14,156,1,30-39,30.0
650,Xiaomi_Mi_11,Android,186,5.4,1627,58,790,3,30-39,30.0
694,Xiaomi_Mi_11,Android,505,8.6,2792,82,1709,5,30-39,30.0
653,Xiaomi_Mi_11,Android,206,5.2,1632,47,694,3,30-39,30.0
682,Xiaomi_Mi_11,Android,380,7.6,2354,77,1191,4,30-39,30.0
52,Xiaomi_Mi_11,Android,245,5.9,1243,52,885,3,20-29,20.0
175,Xiaomi_Mi_11,Android,51,1.6,509,11,113,1,20-29,20.0
206,Xiaomi_Mi_11,Android,301,6.5,2084,71,1421,4,20-29,20.0
288,Xiaomi_Mi_11,Android,211,4.0,1519,54,811,3,20-29,20.0
367,Xiaomi_Mi_11,Android,516,11.6,2464,82,1767,5,20-29,20.0
61,Xiaomi_Mi_11,Android,522,11.9,2798,85,1663,5,20-29,20.0
68,Xiaomi_Mi_11,Android,134,4.0,773,35,449,2,20-29,20.0
104,Xiaomi_Mi_11,Android,274,4.2,1781,52,934,3,20-29,20.0
424,Xiaomi_Mi_11,Android,46,1.1,536,18,167,1,20-29,20.0
294,Xiaomi_Mi_11,Android,226,4.5,1781,45,649,3,20-29,20.0
397,Xiaomi_Mi_11,Android,78,1.1,437,14,143,1,20-29,20.0
417,Xiaomi_Mi_11,Android,264,5.1,1293,52,737,3,20-29,20.0
419,Xiaomi_Mi_11,Android,202,4.9,1549,43,964,3,20-29,20.0
507,Xiaomi_Mi_11,Android,238,5.1,1408,45,941,3,20-29,20.0
673,Xiaomi_Mi_11,Android,500,11.2,2925,84,2438,5,20-29,20.0
675,Xiaomi_Mi_11,Android,522,11.4,2776,93,1768,5,20-29,20.0
282,Xiaomi_Mi_11,Android,39,1.7,530,11,268,1,20-29,20.0
465,Xiaomi_Mi_11,Android,68,1.3,583,10,281,1,20-29,20.0
473,Xiaomi_Mi_11,Android,139,3.0,697,37,513,2,20-29,20.0
32,Xiaomi_Mi_11,Android,197,4.6,1660,59,975,3,20-29,20.0
105,Xiaomi_Mi_11,Android,166,2.8,1113,28,360,2,20-29,20.0
266,Xiaomi_Mi_11,Android,563,8.4,2849,85,1508,5,20-29,20.0
407,Xiaomi_Mi_11,Android,147,3.2,994,33,567,2,20-29,20.0
138,Xiaomi_Mi_11,Android,237,4.5,1368,42,868,3,20-29,20.0
148,Xiaomi_Mi_11,Android,52,1.6,385,19,234,1,20-29,20.0
502,Xiaomi_Mi_11,Android,420,7.7,2017,74,1187,4,20-29,20.0
76,Xiaomi_Mi_11,Android,229,5.7,1305,43,985,3,20-29,20.0
59,Xiaomi_Mi_11,Android,428,7.0,2306,75,1144,4,20-29,20.0
203,Xiaomi_Mi_11,Android,88,1.3,327,11,262,1,20-29,20.0
214,Xiaomi_Mi_11,Android,41,1.1,588,10,246,1,20-29,20.0
534,Xiaomi_Mi_11,Android,190,4.7,1276,57,915,3,20-29,20.0
64,Xiaomi_Mi_11,Android,545,11.5,2911,87,1717,5,20-29,20.0
83,Xiaomi_Mi_11,Android,330,7.2,2363,77,1133,4,20-29,20.0
177,Xiaomi_Mi_11,Android,255,5.4,1738,42,826,3,20-29,20.0
223,Xiaomi_Mi_11,Android,351,6.1,1941,79,1290,4,20-29,20.0
597,Xiaomi_Mi_11,Android,511,10.8,2529,91,2387,5,20-29,20.0
608,Xiaomi_Mi_11,Android,203,4.0,1323,56,787,3,20-29,20.0
646,Xiaomi_Mi_11,Android,174,2.9,1197,23,345,2,20-29,20.0
84,Xiaomi_Mi_11,Android,39,1.8,368,11,105,1,18-19,18.0
112,Xiaomi_Mi_11,Android,488,8.6,2447,84,2344,5,18-19,18.0
236,Xiaomi_Mi_11,Android,37,1.4,369,18,295,1,18-19,18.0
258,Xiaomi_Mi_11,Android,272,5.0,1655,45,686,3,18-19,18.0
259,Xiaomi_Mi_11,Android,201,4.0,1791,50,914,3,18-19,18.0
562,Xiaomi_Mi_11,Android,121,2.1,1188,21,578,2,18-19,18.0
686,Xiaomi_Mi_11,Android,412,6.6,1859,67,1393,4,18-19,18.0
